{
  "type" : "arObject",
  "data" : {
    "scale" : [
      1,
      1,
      1
    ],
    "extent" : [
      0.2282997,
      0.25167066,
      0.24809536
    ],
    "center" : [
      0.004313089,
      0.12662825,
      -0.00044693053
    ]
  }
}