{
  "type" : "arObject",
  "data" : {
    "center" : [
      0.0003913343,
      0.13450177,
      0.00082989037
    ],
    "scale" : [
      0.99999994,
      1,
      0.99999994
    ],
    "extent" : [
      0.227522,
      0.2675766,
      0.20947447
    ]
  }
}